{
    "confidence_score": 0.9205988049507141,
    "ptm": 0.8430529832839966,
    "iptm": 0.0,
    "ligand_iptm": 0.0,
    "protein_iptm": 0.0,
    "complex_plddt": 0.9399852156639099,
    "complex_iplddt": 0.9399852156639099,
    "complex_pde": 0.4212375581264496,
    "complex_ipde": 0.0,
    "chains_ptm": {
        "0": 0.8430529832839966
    },
    "pair_chains_iptm": {
        "0": {
            "0": 0.8430529832839966
        }
    }
}